{
    "StandardPCNN": {
        "v_t": 20,
        "v_l": 0.65135895,
        "v_f": 0.789933,
        "a_t": 0.51163384,
        "a_l": 0.67698072,
        "a_f": 0.485063,
        "beta": 0.61120052
    },

    "UnitLinkingPCNN": {
        "v_t": 20,
        "a_t": 0.0125,
        "beta": 0.73,
        "k_size": 3
    },
    
    "FLSCM": {
        "v_t": 20,
        "f": 0.05,
        "beta": 0.3
    },

    "mPCNN": {
        "a_T": 0.015,
        "v_T": 2,
        "beta": [0.6, 0.4, 0.6, 0.4],
        "lvl_factor": 1.3
    }
}